business_unit,feature_used,total_usage,unique_users,revenue_generated
Fita,Artikel Kesehatan,463,126,25525000.0
Fita,Tracking Olahraga,459,122,19725000.0
Fita,Reservasi Dokter,458,126,25275000.0
Fita,Konsultasi Online,449,126,23750000.0
Fita,Cek Kesehatan,442,124,22025000.0
Kuncie,Live Class,658,181,41250000.0
Kuncie,Video Pembelajaran,656,181,48450000.0
Kuncie,Kuis Interaktif,645,177,45950000.0
Kuncie,Forum Diskusi,630,176,42000000.0
Kuncie,Download Materi,621,179,41350000.0
Majamojo,Shop Item,634,170,20525000.0
Majamojo,Event Mingguan,601,163,19725000.0
Majamojo,Clan War,599,162,21925000.0
Majamojo,Battle Mode,599,163,21075000.0
Majamojo,Daily Reward,565,167,20325000.0
